for_date,point,band_low,band_high,method,anchor_period,regime,regime_kind,suppressed,horizon_days,retrieved_utc
2026-09-16,4.9,1.5,6.9,persistence,2Q26,disrupted,,false,,2026-09-17T15:25:03Z
2026-09-17,4.9,1.5,6.9,persistence,2Q26,disrupted,,false,,2026-09-18T02:22:53Z
2026-09-18,4.9,1.5,6.9,persistence,2Q26,disrupted,local,false,80,2026-09-19T17:15:37Z
2026-09-19,4.9,1.5,6.9,persistence,2Q26,disrupted,local,false,81,2026-09-20T09:46:39Z
2026-09-20,4.9,1.5,6.9,persistence,2Q26,disrupted,local,false,82,2026-09-21T10:39:21Z
2026-09-21,4.9,1.5,6.9,persistence,2Q26,disrupted,local,false,83,2026-09-22T09:54:32Z
2026-09-22,5.6,4.9,10.8,gpci-transit-share,2Q26,disrupted,local,false,84,2026-09-23T11:09:46Z
2026-09-23,5.6,4.9,10.8,gpci-transit-share,2Q26,disrupted,local,false,85,2026-09-24T09:57:01Z
2026-09-24,5.6,4.9,10.8,gpci-transit-share,2Q26,disrupted,local,false,86,2026-09-25T10:09:51Z
2026-09-25,5.6,4.9,10.8,gpci-transit-share,2Q26,disrupted,local,false,87,2026-09-26T09:50:06Z
2026-09-26,5.6,4.9,10.8,gpci-transit-share,2Q26,disrupted,local,false,88,2026-09-27T10:31:46Z
2026-09-27,5.6,4.9,10.8,gpci-transit-share,2Q26,disrupted,local,false,89,2026-09-28T11:39:17Z
2026-09-28,5.6,4.9,10.8,gpci-transit-share,2Q26,disrupted,local,false,90,2026-09-29T11:20:25Z
2026-09-29,5.6,4.9,10.8,gpci-transit-share,2Q26,disrupted,local,false,91,2026-09-30T11:08:34Z
2026-09-30,5.6,4.9,10.8,gpci-transit-share,2Q26,disrupted,local,false,92,2026-10-01T11:35:29Z
